{"cameraMode":{"drawMode":0,"name":"Shaded","section":"Shading Mode"},"sceneLighting":false,"audioPlay":false,"sceneViewState":{"showFog":true,"showMaterialUpdate":true,"showSkybox":false,"showFlares":true,"showImageEffects":true,"showParticleSystems":true},"in2DMode":false,"pivot":{"x":-0.18573327362537385,"y":7.446128845214844,"z":0.27695581316947939},"rotation":{"x":-0.06292960792779923,"y":0.7834932804107666,"z":-0.08044103533029556,"w":-0.6129635572433472},"size":1.9416587352752686,"orthographic":false}