{"cameraMode":{"drawMode":0,"name":"Shaded","section":"Shading Mode"},"sceneLighting":false,"audioPlay":false,"sceneViewState":{"showFog":true,"showMaterialUpdate":true,"showSkybox":false,"showFlares":true,"showImageEffects":true,"showParticleSystems":true},"in2DMode":false,"pivot":{"x":0.2123696208000183,"y":0.6320551633834839,"z":0.20087188482284547},"rotation":{"x":0.002673431532457471,"y":0.9910755753517151,"z":-0.13189925253391267,"w":0.019936617463827134},"size":4.188276767730713,"orthographic":false}