{"cameraMode":{"drawMode":0,"name":"Shaded","section":"Shading Mode"},"sceneLighting":true,"audioPlay":false,"sceneViewState":{"showFog":true,"showMaterialUpdate":true,"showSkybox":true,"showFlares":true,"showImageEffects":true,"showParticleSystems":true},"in2DMode":false,"pivot":{"x":-15.012983322143555,"y":-4.229790687561035,"z":48.55781936645508},"rotation":{"x":0.2083325982093811,"y":0.47718316316604617,"z":-0.11816126108169556,"w":0.8457619547843933},"size":53.15544128417969,"orthographic":false}