{"cameraMode":{"drawMode":0,"name":"Shaded","section":"Shading Mode"},"sceneLighting":false,"audioPlay":false,"sceneViewState":{"showFog":true,"showMaterialUpdate":true,"showSkybox":false,"showFlares":true,"showImageEffects":true,"showParticleSystems":true},"in2DMode":false,"pivot":{"x":0.2283446490764618,"y":1.6803948879241944,"z":1.6409224271774293},"rotation":{"x":0.0021894543897360565,"y":-0.9376026391983032,"z":0.005919026676565409,"w":0.34774544835090639},"size":1.9583418369293213,"orthographic":false}