{"cameraMode":{"drawMode":0,"name":"Shaded","section":"Shading Mode"},"sceneLighting":false,"audioPlay":false,"sceneViewState":{"showFog":true,"showMaterialUpdate":true,"showSkybox":false,"showFlares":true,"showImageEffects":true,"showParticleSystems":true},"in2DMode":false,"pivot":{"x":-0.8005017042160034,"y":-1.26804518699646,"z":0.09431463479995728},"rotation":{"x":0.002673431532457471,"y":0.9910755753517151,"z":-0.13189925253391267,"w":0.019936617463827134},"size":5.859209060668945,"orthographic":false}