{"cameraMode":{"drawMode":0,"name":"Shaded","section":"Shading Mode"},"sceneLighting":false,"audioPlay":false,"sceneViewState":{"showFog":true,"showMaterialUpdate":true,"showSkybox":false,"showFlares":true,"showImageEffects":true,"showParticleSystems":true},"in2DMode":false,"pivot":{"x":2.6315457820892336,"y":-3.2053637504577638,"z":7.172293186187744},"rotation":{"x":0.17968149483203889,"y":0.5257425308227539,"z":-0.1146896630525589,"w":0.8235195875167847},"size":0.2857885956764221,"orthographic":false}