{"cameraMode":{"drawMode":0,"name":"Shaded","section":"Shading Mode"},"sceneLighting":false,"audioPlay":false,"sceneViewState":{"showFog":true,"showMaterialUpdate":true,"showSkybox":false,"showFlares":true,"showImageEffects":true,"showParticleSystems":true},"in2DMode":false,"pivot":{"x":0.75,"y":4.200000286102295,"z":-4.319999694824219},"rotation":{"x":-0.08944853395223618,"y":0.8878359198570252,"z":-0.19510026276111604,"w":-0.40705594420433047},"size":19.20025634765625,"orthographic":false}